[
    {
      "album_type": "album",
      "artists": [
        {
          "external_urls": {
            "spotify": "https://open.spotify.com/artist/757aE44tKEUQEqRuT6GnEB"
          },
          "href": "https://api.spotify.com/v1/artists/757aE44tKEUQEqRuT6GnEB",
          "id": "757aE44tKEUQEqRuT6GnEB",
          "name": "Roddy Ricch",
          "type": "artist",
          "uri": "spotify:artist:757aE44tKEUQEqRuT6GnEB"
        }
      ],
      "available_markets": [
        "AD",
        "AE",
        "AG",
        "AL",
        "AM",
        "AO",
        "AR",
        "AT",
        "AU",
        "AZ",
        "BA",
        "BB",
        "BD",
        "BE",
        "BF",
        "BG",
        "BH",
        "BI",
        "BJ",
        "BN",
        "BO",
        "BR",
        "BS",
        "BT",
        "BW",
        "BY",
        "BZ",
        "CA",
        "CD",
        "CG",
        "CH",
        "CI",
        "CL",
        "CM",
        "CO",
        "CR",
        "CV",
        "CW",
        "CY",
        "CZ",
        "DE",
        "DJ",
        "DK",
        "DM",
        "DO",
        "DZ",
        "EC",
        "EE",
        "EG",
        "ES",
        "FI",
        "FJ",
        "FM",
        "FR",
        "GA",
        "GB",
        "GD",
        "GE",
        "GH",
        "GM",
        "GN",
        "GQ",
        "GR",
        "GT",
        "GW",
        "GY",
        "HK",
        "HN",
        "HR",
        "HT",
        "HU",
        "ID",
        "IE",
        "IL",
        "IN",
        "IQ",
        "IS",
        "IT",
        "JM",
        "JO",
        "JP",
        "KE",
        "KG",
        "KH",
        "KI",
        "KM",
        "KN",
        "KR",
        "KW",
        "KZ",
        "LA",
        "LB",
        "LC",
        "LI",
        "LK",
        "LR",
        "LS",
        "LT",
        "LU",
        "LV",
        "LY",
        "MA",
        "MC",
        "MD",
        "ME",
        "MG",
        "MH",
        "MK",
        "ML",
        "MN",
        "MO",
        "MR",
        "MT",
        "MU",
        "MV",
        "MW",
        "MX",
        "MY",
        "MZ",
        "NA",
        "NE",
        "NG",
        "NI",
        "NL",
        "NO",
        "NP",
        "NR",
        "NZ",
        "OM",
        "PA",
        "PE",
        "PG",
        "PH",
        "PK",
        "PL",
        "PS",
        "PT",
        "PW",
        "PY",
        "QA",
        "RO",
        "RS",
        "RU",
        "RW",
        "SA",
        "SB",
        "SC",
        "SE",
        "SG",
        "SI",
        "SK",
        "SL",
        "SM",
        "SN",
        "SR",
        "ST",
        "SV",
        "SZ",
        "TD",
        "TG",
        "TH",
        "TJ",
        "TL",
        "TN",
        "TO",
        "TR",
        "TT",
        "TV",
        "TW",
        "TZ",
        "UA",
        "UG",
        "US",
        "UY",
        "UZ",
        "VC",
        "VE",
        "VN",
        "VU",
        "WS",
        "XK",
        "ZA",
        "ZM",
        "ZW"
      ],
      "external_urls": {
        "spotify": "https://open.spotify.com/album/1eVrpJbHRLBbioB9sb5b94"
      },
      "href": "https://api.spotify.com/v1/albums/1eVrpJbHRLBbioB9sb5b94",
      "id": "1eVrpJbHRLBbioB9sb5b94",
      "images": [
        {
          "height": 640,
          "url": "https://i.scdn.co/image/ab67616d0000b2738007e1fcf108e4270b6df942",
          "width": 640
        },
        {
          "height": 300,
          "url": "https://i.scdn.co/image/ab67616d00001e028007e1fcf108e4270b6df942",
          "width": 300
        },
        {
          "height": 64,
          "url": "https://i.scdn.co/image/ab67616d000048518007e1fcf108e4270b6df942",
          "width": 64
        }
      ],
      "name": "LIVE LIFE FAST",
      "release_date": "2021-12-17",
      "release_date_precision": "day",
      "total_tracks": 18,
      "type": "album",
      "uri": "spotify:album:1eVrpJbHRLBbioB9sb5b94"
    },
    {
      "album_type": "single",
      "artists": [
        {
          "external_urls": {
            "spotify": "https://open.spotify.com/artist/0urTpYCsixqZwgNTkPJOJ4"
          },
          "href": "https://api.spotify.com/v1/artists/0urTpYCsixqZwgNTkPJOJ4",
          "id": "0urTpYCsixqZwgNTkPJOJ4",
          "name": "Aaliyah",
          "type": "artist",
          "uri": "spotify:artist:0urTpYCsixqZwgNTkPJOJ4"
        }
      ],
      "available_markets": [
        "AD",
        "AE",
        "AG",
        "AL",
        "AM",
        "AO",
        "AR",
        "AT",
        "AU",
        "AZ",
        "BA",
        "BB",
        "BD",
        "BE",
        "BF",
        "BG",
        "BH",
        "BI",
        "BJ",
        "BN",
        "BO",
        "BR",
        "BS",
        "BT",
        "BW",
        "BY",
        "BZ",
        "CA",
        "CD",
        "CG",
        "CH",
        "CI",
        "CL",
        "CM",
        "CO",
        "CR",
        "CV",
        "CW",
        "CY",
        "CZ",
        "DE",
        "DJ",
        "DK",
        "DM",
        "DO",
        "DZ",
        "EC",
        "EE",
        "EG",
        "ES",
        "FI",
        "FJ",
        "FM",
        "FR",
        "GA",
        "GB",
        "GD",
        "GE",
        "GH",
        "GM",
        "GN",
        "GQ",
        "GR",
        "GT",
        "GW",
        "GY",
        "HK",
        "HN",
        "HR",
        "HT",
        "HU",
        "ID",
        "IE",
        "IL",
        "IN",
        "IQ",
        "IS",
        "IT",
        "JM",
        "JO",
        "JP",
        "KE",
        "KG",
        "KH",
        "KI",
        "KM",
        "KN",
        "KR",
        "KW",
        "KZ",
        "LA",
        "LB",
        "LC",
        "LI",
        "LK",
        "LR",
        "LS",
        "LT",
        "LU",
        "LV",
        "LY",
        "MA",
        "MC",
        "MD",
        "ME",
        "MG",
        "MH",
        "MK",
        "ML",
        "MN",
        "MO",
        "MR",
        "MT",
        "MU",
        "MV",
        "MW",
        "MX",
        "MY",
        "MZ",
        "NA",
        "NE",
        "NG",
        "NI",
        "NL",
        "NO",
        "NP",
        "NR",
        "NZ",
        "OM",
        "PA",
        "PE",
        "PG",
        "PH",
        "PK",
        "PL",
        "PS",
        "PT",
        "PW",
        "PY",
        "QA",
        "RO",
        "RS",
        "RU",
        "RW",
        "SA",
        "SB",
        "SC",
        "SE",
        "SG",
        "SI",
        "SK",
        "SL",
        "SM",
        "SN",
        "SR",
        "ST",
        "SV",
        "SZ",
        "TD",
        "TG",
        "TH",
        "TJ",
        "TL",
        "TN",
        "TO",
        "TR",
        "TT",
        "TV",
        "TW",
        "TZ",
        "UA",
        "UG",
        "US",
        "UY",
        "UZ",
        "VC",
        "VE",
        "VN",
        "VU",
        "WS",
        "XK",
        "ZA",
        "ZM",
        "ZW"
      ],
      "external_urls": {
        "spotify": "https://open.spotify.com/album/2t0AfNqhtlMnjFxbTzmPqO"
      },
      "href": "https://api.spotify.com/v1/albums/2t0AfNqhtlMnjFxbTzmPqO",
      "id": "2t0AfNqhtlMnjFxbTzmPqO",
      "images": [
        {
          "height": 640,
          "url": "https://i.scdn.co/image/ab67616d0000b273bfa88fd0ac35dca91e77598a",
          "width": 640
        },
        {
          "height": 300,
          "url": "https://i.scdn.co/image/ab67616d00001e02bfa88fd0ac35dca91e77598a",
          "width": 300
        },
        {
          "height": 64,
          "url": "https://i.scdn.co/image/ab67616d00004851bfa88fd0ac35dca91e77598a",
          "width": 64
        }
      ],
      "name": "Poison (feat. The Weeknd)",
      "release_date": "2021-12-17",
      "release_date_precision": "day",
      "total_tracks": 1,
      "type": "album",
      "uri": "spotify:album:2t0AfNqhtlMnjFxbTzmPqO"
    },
    {
      "album_type": "single",
      "artists": [
        {
          "external_urls": {
            "spotify": "https://open.spotify.com/artist/5YkBrE0wF8cAlq3GCOw5Eu"
          },
          "href": "https://api.spotify.com/v1/artists/5YkBrE0wF8cAlq3GCOw5Eu",
          "id": "5YkBrE0wF8cAlq3GCOw5Eu",
          "name": "Best Coast",
          "type": "artist",
          "uri": "spotify:artist:5YkBrE0wF8cAlq3GCOw5Eu"
        }
      ],
      "available_markets": [
        "AD",
        "AE",
        "AG",
        "AL",
        "AM",
        "AO",
        "AR",
        "AT",
        "AU",
        "AZ",
        "BA",
        "BB",
        "BD",
        "BE",
        "BF",
        "BG",
        "BH",
        "BI",
        "BJ",
        "BN",
        "BO",
        "BR",
        "BS",
        "BT",
        "BW",
        "BY",
        "BZ",
        "CA",
        "CD",
        "CG",
        "CH",
        "CI",
        "CL",
        "CM",
        "CO",
        "CR",
        "CV",
        "CW",
        "CY",
        "CZ",
        "DE",
        "DJ",
        "DK",
        "DM",
        "DO",
        "DZ",
        "EC",
        "EE",
        "EG",
        "ES",
        "FI",
        "FJ",
        "FM",
        "FR",
        "GA",
        "GB",
        "GD",
        "GE",
        "GH",
        "GM",
        "GN",
        "GQ",
        "GR",
        "GT",
        "GW",
        "GY",
        "HK",
        "HN",
        "HR",
        "HT",
        "HU",
        "ID",
        "IE",
        "IL",
        "IN",
        "IQ",
        "IS",
        "IT",
        "JM",
        "JO",
        "JP",
        "KE",
        "KG",
        "KH",
        "KI",
        "KM",
        "KN",
        "KR",
        "KW",
        "KZ",
        "LA",
        "LB",
        "LC",
        "LI",
        "LK",
        "LR",
        "LS",
        "LT",
        "LU",
        "LV",
        "LY",
        "MA",
        "MC",
        "MD",
        "ME",
        "MG",
        "MH",
        "MK",
        "ML",
        "MN",
        "MO",
        "MR",
        "MT",
        "MU",
        "MV",
        "MW",
        "MX",
        "MY",
        "MZ",
        "NA",
        "NE",
        "NG",
        "NI",
        "NL",
        "NO",
        "NP",
        "NR",
        "NZ",
        "OM",
        "PA",
        "PE",
        "PG",
        "PH",
        "PK",
        "PL",
        "PS",
        "PT",
        "PW",
        "PY",
        "QA",
        "RO",
        "RS",
        "RU",
        "RW",
        "SA",
        "SB",
        "SC",
        "SE",
        "SG",
        "SI",
        "SK",
        "SL",
        "SM",
        "SN",
        "SR",
        "ST",
        "SV",
        "SZ",
        "TD",
        "TG",
        "TH",
        "TJ",
        "TL",
        "TN",
        "TO",
        "TR",
        "TT",
        "TV",
        "TW",
        "TZ",
        "UA",
        "UG",
        "US",
        "UY",
        "UZ",
        "VC",
        "VE",
        "VN",
        "VU",
        "WS",
        "XK",
        "ZA",
        "ZM",
        "ZW"
      ],
      "external_urls": {
        "spotify": "https://open.spotify.com/album/1vLgVmLSQgEEM8SBZ4QQQd"
      },
      "href": "https://api.spotify.com/v1/albums/1vLgVmLSQgEEM8SBZ4QQQd",
      "id": "1vLgVmLSQgEEM8SBZ4QQQd",
      "images": [
        {
          "height": 640,
          "url": "https://i.scdn.co/image/ab67616d0000b273262af6f60ed3a93688dce24d",
          "width": 640
        },
        {
          "height": 300,
          "url": "https://i.scdn.co/image/ab67616d00001e02262af6f60ed3a93688dce24d",
          "width": 300
        },
        {
          "height": 64,
          "url": "https://i.scdn.co/image/ab67616d00004851262af6f60ed3a93688dce24d",
          "width": 64
        }
      ],
      "name": "Leading",
      "release_date": "2021-12-14",
      "release_date_precision": "day",
      "total_tracks": 1,
      "type": "album",
      "uri": "spotify:album:1vLgVmLSQgEEM8SBZ4QQQd"
    },
    {
      "album_type": "single",
      "artists": [
        {
          "external_urls": {
            "spotify": "https://open.spotify.com/artist/28gNT5KBp7IjEOQoevXf9N"
          },
          "href": "https://api.spotify.com/v1/artists/28gNT5KBp7IjEOQoevXf9N",
          "id": "28gNT5KBp7IjEOQoevXf9N",
          "name": "Camilo",
          "type": "artist",
          "uri": "spotify:artist:28gNT5KBp7IjEOQoevXf9N"
        }
      ],
      "available_markets": [
        "AD",
        "AE",
        "AG",
        "AL",
        "AM",
        "AO",
        "AR",
        "AT",
        "AU",
        "AZ",
        "BA",
        "BB",
        "BD",
        "BE",
        "BF",
        "BG",
        "BH",
        "BI",
        "BJ",
        "BN",
        "BO",
        "BR",
        "BS",
        "BT",
        "BW",
        "BY",
        "BZ",
        "CA",
        "CD",
        "CG",
        "CH",
        "CI",
        "CL",
        "CM",
        "CO",
        "CR",
        "CV",
        "CW",
        "CY",
        "CZ",
        "DE",
        "DJ",
        "DK",
        "DM",
        "DO",
        "DZ",
        "EC",
        "EE",
        "EG",
        "ES",
        "FI",
        "FJ",
        "FM",
        "FR",
        "GA",
        "GB",
        "GD",
        "GE",
        "GH",
        "GM",
        "GN",
        "GQ",
        "GR",
        "GT",
        "GW",
        "GY",
        "HK",
        "HN",
        "HR",
        "HT",
        "HU",
        "ID",
        "IE",
        "IL",
        "IN",
        "IQ",
        "IS",
        "IT",
        "JM",
        "JO",
        "JP",
        "KE",
        "KG",
        "KH",
        "KI",
        "KM",
        "KN",
        "KR",
        "KW",
        "KZ",
        "LA",
        "LB",
        "LC",
        "LI",
        "LK",
        "LR",
        "LS",
        "LT",
        "LU",
        "LV",
        "LY",
        "MA",
        "MC",
        "MD",
        "ME",
        "MG",
        "MH",
        "MK",
        "ML",
        "MN",
        "MO",
        "MR",
        "MT",
        "MU",
        "MV",
        "MW",
        "MX",
        "MY",
        "MZ",
        "NA",
        "NE",
        "NG",
        "NI",
        "NL",
        "NO",
        "NP",
        "NR",
        "NZ",
        "OM",
        "PA",
        "PE",
        "PG",
        "PH",
        "PK",
        "PL",
        "PS",
        "PT",
        "PW",
        "PY",
        "QA",
        "RO",
        "RS",
        "RU",
        "RW",
        "SA",
        "SB",
        "SC",
        "SE",
        "SG",
        "SI",
        "SK",
        "SL",
        "SM",
        "SN",
        "SR",
        "ST",
        "SV",
        "SZ",
        "TD",
        "TG",
        "TH",
        "TJ",
        "TL",
        "TN",
        "TO",
        "TR",
        "TT",
        "TV",
        "TW",
        "TZ",
        "UA",
        "UG",
        "US",
        "UY",
        "UZ",
        "VC",
        "VE",
        "VN",
        "VU",
        "WS",
        "XK",
        "ZA",
        "ZM",
        "ZW"
      ],
      "external_urls": {
        "spotify": "https://open.spotify.com/album/3b2z5O7s1vxHaaTsn1J1Cz"
      },
      "href": "https://api.spotify.com/v1/albums/3b2z5O7s1vxHaaTsn1J1Cz",
      "id": "3b2z5O7s1vxHaaTsn1J1Cz",
      "images": [
        {
          "height": 640,
          "url": "https://i.scdn.co/image/ab67616d0000b2737f067a921cc40f4111475a09",
          "width": 640
        },
        {
          "height": 300,
          "url": "https://i.scdn.co/image/ab67616d00001e027f067a921cc40f4111475a09",
          "width": 300
        },
        {
          "height": 64,
          "url": "https://i.scdn.co/image/ab67616d000048517f067a921cc40f4111475a09",
          "width": 64
        }
      ],
      "name": "Pesadilla",
      "release_date": "2021-12-14",
      "release_date_precision": "day",
      "total_tracks": 1,
      "type": "album",
      "uri": "spotify:album:3b2z5O7s1vxHaaTsn1J1Cz"
    },
    {
      "album_type": "single",
      "artists": [
        {
          "external_urls": {
            "spotify": "https://open.spotify.com/artist/6nB0iY1cjSY1KyhYyuIIKH"
          },
          "href": "https://api.spotify.com/v1/artists/6nB0iY1cjSY1KyhYyuIIKH",
          "id": "6nB0iY1cjSY1KyhYyuIIKH",
          "name": "FKA twigs",
          "type": "artist",
          "uri": "spotify:artist:6nB0iY1cjSY1KyhYyuIIKH"
        }
      ],
      "available_markets": [
        "AD",
        "AE",
        "AG",
        "AL",
        "AM",
        "AO",
        "AR",
        "AT",
        "AU",
        "AZ",
        "BA",
        "BB",
        "BD",
        "BE",
        "BF",
        "BG",
        "BH",
        "BI",
        "BJ",
        "BN",
        "BO",
        "BR",
        "BS",
        "BT",
        "BW",
        "BY",
        "BZ",
        "CA",
        "CD",
        "CG",
        "CH",
        "CI",
        "CL",
        "CM",
        "CO",
        "CR",
        "CV",
        "CW",
        "CY",
        "CZ",
        "DE",
        "DJ",
        "DK",
        "DM",
        "DO",
        "DZ",
        "EC",
        "EE",
        "EG",
        "ES",
        "FI",
        "FJ",
        "FM",
        "FR",
        "GA",
        "GD",
        "GE",
        "GH",
        "GM",
        "GN",
        "GQ",
        "GR",
        "GT",
        "GW",
        "GY",
        "HK",
        "HN",
        "HR",
        "HT",
        "HU",
        "ID",
        "IL",
        "IN",
        "IQ",
        "IS",
        "IT",
        "JM",
        "JO",
        "JP",
        "KE",
        "KG",
        "KH",
        "KI",
        "KM",
        "KN",
        "KR",
        "KW",
        "KZ",
        "LA",
        "LB",
        "LC",
        "LI",
        "LK",
        "LR",
        "LS",
        "LT",
        "LU",
        "LV",
        "LY",
        "MA",
        "MC",
        "MD",
        "ME",
        "MG",
        "MH",
        "MK",
        "ML",
        "MN",
        "MO",
        "MR",
        "MT",
        "MU",
        "MV",
        "MW",
        "MX",
        "MY",
        "MZ",
        "NA",
        "NE",
        "NG",
        "NI",
        "NL",
        "NO",
        "NP",
        "NR",
        "NZ",
        "OM",
        "PA",
        "PE",
        "PG",
        "PH",
        "PK",
        "PL",
        "PS",
        "PT",
        "PW",
        "PY",
        "QA",
        "RO",
        "RS",
        "RU",
        "RW",
        "SA",
        "SB",
        "SC",
        "SE",
        "SG",
        "SI",
        "SK",
        "SL",
        "SM",
        "SN",
        "SR",
        "ST",
        "SV",
        "SZ",
        "TD",
        "TG",
        "TH",
        "TJ",
        "TL",
        "TN",
        "TO",
        "TR",
        "TT",
        "TV",
        "TW",
        "TZ",
        "UA",
        "UG",
        "US",
        "UY",
        "UZ",
        "VC",
        "VE",
        "VN",
        "VU",
        "WS",
        "XK",
        "ZA",
        "ZM",
        "ZW"
      ],
      "external_urls": {
        "spotify": "https://open.spotify.com/album/633MrZ9lAeFFydmcMENiuA"
      },
      "href": "https://api.spotify.com/v1/albums/633MrZ9lAeFFydmcMENiuA",
      "id": "633MrZ9lAeFFydmcMENiuA",
      "images": [
        {
          "height": 640,
          "url": "https://i.scdn.co/image/ab67616d0000b273c813333a4bf7b81e7a251566",
          "width": 640
        },
        {
          "height": 300,
          "url": "https://i.scdn.co/image/ab67616d00001e02c813333a4bf7b81e7a251566",
          "width": 300
        },
        {
          "height": 64,
          "url": "https://i.scdn.co/image/ab67616d00004851c813333a4bf7b81e7a251566",
          "width": 64
        }
      ],
      "name": "Tears In The Club (feat. The Weeknd)",
      "release_date": "2021-12-16",
      "release_date_precision": "day",
      "total_tracks": 1,
      "type": "album",
      "uri": "spotify:album:633MrZ9lAeFFydmcMENiuA"
    },
    {
      "album_type": "single",
      "artists": [
        {
          "external_urls": {
            "spotify": "https://open.spotify.com/artist/1fctva4kpRbg2k3v7kwRuS"
          },
          "href": "https://api.spotify.com/v1/artists/1fctva4kpRbg2k3v7kwRuS",
          "id": "1fctva4kpRbg2k3v7kwRuS",
          "name": "Rvssian",
          "type": "artist",
          "uri": "spotify:artist:1fctva4kpRbg2k3v7kwRuS"
        },
        {
          "external_urls": {
            "spotify": "https://open.spotify.com/artist/1RyvyyTE3xzB2ZywiAwp0i"
          },
          "href": "https://api.spotify.com/v1/artists/1RyvyyTE3xzB2ZywiAwp0i",
          "id": "1RyvyyTE3xzB2ZywiAwp0i",
          "name": "Future",
          "type": "artist",
          "uri": "spotify:artist:1RyvyyTE3xzB2ZywiAwp0i"
        }
      ],
      "available_markets": [
        "AD",
        "AE",
        "AG",
        "AL",
        "AM",
        "AO",
        "AR",
        "AT",
        "AU",
        "AZ",
        "BA",
        "BB",
        "BD",
        "BE",
        "BF",
        "BG",
        "BH",
        "BI",
        "BJ",
        "BN",
        "BO",
        "BR",
        "BS",
        "BT",
        "BW",
        "BY",
        "BZ",
        "CA",
        "CD",
        "CG",
        "CH",
        "CI",
        "CL",
        "CM",
        "CO",
        "CR",
        "CV",
        "CW",
        "CY",
        "CZ",
        "DE",
        "DJ",
        "DK",
        "DM",
        "DO",
        "DZ",
        "EC",
        "EE",
        "EG",
        "ES",
        "FI",
        "FJ",
        "FM",
        "FR",
        "GA",
        "GB",
        "GD",
        "GE",
        "GH",
        "GM",
        "GN",
        "GQ",
        "GR",
        "GT",
        "GW",
        "GY",
        "HK",
        "HN",
        "HR",
        "HT",
        "HU",
        "ID",
        "IE",
        "IL",
        "IN",
        "IQ",
        "IS",
        "IT",
        "JM",
        "JO",
        "JP",
        "KE",
        "KG",
        "KH",
        "KI",
        "KM",
        "KN",
        "KR",
        "KW",
        "KZ",
        "LA",
        "LB",
        "LC",
        "LI",
        "LK",
        "LR",
        "LS",
        "LT",
        "LU",
        "LV",
        "LY",
        "MA",
        "MC",
        "MD",
        "ME",
        "MG",
        "MH",
        "MK",
        "ML",
        "MN",
        "MO",
        "MR",
        "MT",
        "MU",
        "MV",
        "MW",
        "MX",
        "MY",
        "MZ",
        "NA",
        "NE",
        "NG",
        "NI",
        "NL",
        "NO",
        "NP",
        "NR",
        "NZ",
        "OM",
        "PA",
        "PE",
        "PG",
        "PH",
        "PK",
        "PL",
        "PS",
        "PT",
        "PW",
        "PY",
        "QA",
        "RO",
        "RS",
        "RU",
        "RW",
        "SA",
        "SB",
        "SC",
        "SE",
        "SG",
        "SI",
        "SK",
        "SL",
        "SM",
        "SN",
        "SR",
        "ST",
        "SV",
        "SZ",
        "TD",
        "TG",
        "TH",
        "TJ",
        "TL",
        "TN",
        "TO",
        "TR",
        "TT",
        "TV",
        "TW",
        "TZ",
        "UA",
        "UG",
        "US",
        "UY",
        "UZ",
        "VC",
        "VE",
        "VN",
        "VU",
        "WS",
        "XK",
        "ZA",
        "ZM",
        "ZW"
      ],
      "external_urls": {
        "spotify": "https://open.spotify.com/album/1qY5LCrtZDIsh6A86N2Yo2"
      },
      "href": "https://api.spotify.com/v1/albums/1qY5LCrtZDIsh6A86N2Yo2",
      "id": "1qY5LCrtZDIsh6A86N2Yo2",
      "images": [
        {
          "height": 640,
          "url": "https://i.scdn.co/image/ab67616d0000b27380a85658a64eb32504ce426d",
          "width": 640
        },
        {
          "height": 300,
          "url": "https://i.scdn.co/image/ab67616d00001e0280a85658a64eb32504ce426d",
          "width": 300
        },
        {
          "height": 64,
          "url": "https://i.scdn.co/image/ab67616d0000485180a85658a64eb32504ce426d",
          "width": 64
        }
      ],
      "name": "M&M (with Future feat. Lil Baby)",
      "release_date": "2021-12-15",
      "release_date_precision": "day",
      "total_tracks": 1,
      "type": "album",
      "uri": "spotify:album:1qY5LCrtZDIsh6A86N2Yo2"
    },
    {
      "album_type": "single",
      "artists": [
        {
          "external_urls": {
            "spotify": "https://open.spotify.com/artist/3wcj11K77LjEY1PkEazffa"
          },
          "href": "https://api.spotify.com/v1/artists/3wcj11K77LjEY1PkEazffa",
          "id": "3wcj11K77LjEY1PkEazffa",
          "name": "Burna Boy",
          "type": "artist",
          "uri": "spotify:artist:3wcj11K77LjEY1PkEazffa"
        }
      ],
      "available_markets": [
        "AD",
        "AE",
        "AG",
        "AL",
        "AM",
        "AR",
        "AT",
        "AU",
        "AZ",
        "BA",
        "BB",
        "BD",
        "BE",
        "BG",
        "BH",
        "BN",
        "BO",
        "BR",
        "BS",
        "BT",
        "BY",
        "BZ",
        "CA",
        "CH",
        "CL",
        "CO",
        "CR",
        "CW",
        "CY",
        "CZ",
        "DE",
        "DK",
        "DM",
        "DO",
        "EC",
        "EE",
        "ES",
        "FI",
        "FJ",
        "FM",
        "FR",
        "GB",
        "GD",
        "GE",
        "GR",
        "GT",
        "GY",
        "HK",
        "HN",
        "HR",
        "HT",
        "HU",
        "ID",
        "IE",
        "IL",
        "IN",
        "IQ",
        "IS",
        "IT",
        "JM",
        "JO",
        "JP",
        "KG",
        "KH",
        "KI",
        "KN",
        "KR",
        "KW",
        "KZ",
        "LA",
        "LB",
        "LC",
        "LI",
        "LK",
        "LT",
        "LU",
        "LV",
        "MC",
        "MD",
        "ME",
        "MH",
        "MK",
        "MN",
        "MO",
        "MT",
        "MV",
        "MX",
        "MY",
        "NI",
        "NL",
        "NO",
        "NP",
        "NR",
        "NZ",
        "OM",
        "PA",
        "PE",
        "PG",
        "PH",
        "PK",
        "PL",
        "PS",
        "PT",
        "PW",
        "PY",
        "QA",
        "RO",
        "RS",
        "RU",
        "SA",
        "SB",
        "SE",
        "SG",
        "SI",
        "SK",
        "SM",
        "SR",
        "SV",
        "TH",
        "TJ",
        "TL",
        "TO",
        "TR",
        "TT",
        "TV",
        "TW",
        "UA",
        "US",
        "UY",
        "UZ",
        "VC",
        "VE",
        "VN",
        "VU",
        "WS",
        "XK"
      ],
      "external_urls": {
        "spotify": "https://open.spotify.com/album/2Nwv16YY4xo8Jm4TVm54i9"
      },
      "href": "https://api.spotify.com/v1/albums/2Nwv16YY4xo8Jm4TVm54i9",
      "id": "2Nwv16YY4xo8Jm4TVm54i9",
      "images": [
        {
          "height": 640,
          "url": "https://i.scdn.co/image/ab67616d0000b273ed808ecd866a67c6e47e33f9",
          "width": 640
        },
        {
          "height": 300,
          "url": "https://i.scdn.co/image/ab67616d00001e02ed808ecd866a67c6e47e33f9",
          "width": 300
        },
        {
          "height": 64,
          "url": "https://i.scdn.co/image/ab67616d00004851ed808ecd866a67c6e47e33f9",
          "width": 64
        }
      ],
      "name": "B. D’OR (feat. Wizkid)",
      "release_date": "2021-12-14",
      "release_date_precision": "day",
      "total_tracks": 1,
      "type": "album",
      "uri": "spotify:album:2Nwv16YY4xo8Jm4TVm54i9"
    },
    {
      "album_type": "single",
      "artists": [
        {
          "external_urls": {
            "spotify": "https://open.spotify.com/artist/6fWVd57NKTalqvmjRd2t8Z"
          },
          "href": "https://api.spotify.com/v1/artists/6fWVd57NKTalqvmjRd2t8Z",
          "id": "6fWVd57NKTalqvmjRd2t8Z",
          "name": "24kGoldn",
          "type": "artist",
          "uri": "spotify:artist:6fWVd57NKTalqvmjRd2t8Z"
        }
      ],
      "available_markets": [
        "AD",
        "AE",
        "AG",
        "AL",
        "AM",
        "AO",
        "AR",
        "AT",
        "AU",
        "AZ",
        "BA",
        "BB",
        "BD",
        "BE",
        "BF",
        "BG",
        "BH",
        "BI",
        "BJ",
        "BN",
        "BO",
        "BR",
        "BS",
        "BT",
        "BW",
        "BY",
        "BZ",
        "CA",
        "CD",
        "CG",
        "CH",
        "CI",
        "CL",
        "CM",
        "CO",
        "CR",
        "CV",
        "CW",
        "CY",
        "CZ",
        "DE",
        "DJ",
        "DK",
        "DM",
        "DO",
        "DZ",
        "EC",
        "EE",
        "EG",
        "ES",
        "FI",
        "FJ",
        "FM",
        "FR",
        "GA",
        "GB",
        "GD",
        "GE",
        "GH",
        "GM",
        "GN",
        "GQ",
        "GR",
        "GT",
        "GW",
        "GY",
        "HK",
        "HN",
        "HR",
        "HT",
        "HU",
        "ID",
        "IE",
        "IL",
        "IN",
        "IQ",
        "IS",
        "IT",
        "JM",
        "JO",
        "JP",
        "KE",
        "KG",
        "KH",
        "KI",
        "KM",
        "KN",
        "KR",
        "KW",
        "KZ",
        "LA",
        "LB",
        "LC",
        "LI",
        "LK",
        "LR",
        "LS",
        "LT",
        "LU",
        "LV",
        "LY",
        "MA",
        "MC",
        "MD",
        "ME",
        "MG",
        "MH",
        "MK",
        "ML",
        "MN",
        "MO",
        "MR",
        "MT",
        "MU",
        "MV",
        "MW",
        "MX",
        "MY",
        "MZ",
        "NA",
        "NE",
        "NG",
        "NI",
        "NL",
        "NO",
        "NP",
        "NR",
        "NZ",
        "OM",
        "PA",
        "PE",
        "PG",
        "PH",
        "PK",
        "PL",
        "PS",
        "PT",
        "PW",
        "PY",
        "QA",
        "RO",
        "RS",
        "RU",
        "RW",
        "SA",
        "SB",
        "SC",
        "SE",
        "SG",
        "SI",
        "SK",
        "SL",
        "SM",
        "SN",
        "SR",
        "ST",
        "SV",
        "SZ",
        "TD",
        "TG",
        "TH",
        "TJ",
        "TL",
        "TN",
        "TO",
        "TR",
        "TT",
        "TV",
        "TW",
        "TZ",
        "UA",
        "UG",
        "US",
        "UY",
        "UZ",
        "VC",
        "VE",
        "VN",
        "VU",
        "WS",
        "XK",
        "ZA",
        "ZM",
        "ZW"
      ],
      "external_urls": {
        "spotify": "https://open.spotify.com/album/0r9uTlzVUjnRvBTGjTLC54"
      },
      "href": "https://api.spotify.com/v1/albums/0r9uTlzVUjnRvBTGjTLC54",
      "id": "0r9uTlzVUjnRvBTGjTLC54",
      "images": [
        {
          "height": 640,
          "url": "https://i.scdn.co/image/ab67616d0000b273afae5ae58eb98ab9eb032c47",
          "width": 640
        },
        {
          "height": 300,
          "url": "https://i.scdn.co/image/ab67616d00001e02afae5ae58eb98ab9eb032c47",
          "width": 300
        },
        {
          "height": 64,
          "url": "https://i.scdn.co/image/ab67616d00004851afae5ae58eb98ab9eb032c47",
          "width": 64
        }
      ],
      "name": "More Than Friends",
      "release_date": "2021-12-17",
      "release_date_precision": "day",
      "total_tracks": 1,
      "type": "album",
      "uri": "spotify:album:0r9uTlzVUjnRvBTGjTLC54"
    },
    {
      "album_type": "single",
      "artists": [
        {
          "external_urls": {
            "spotify": "https://open.spotify.com/artist/6TLwD7HPWuiOzvXEa3oCNe"
          },
          "href": "https://api.spotify.com/v1/artists/6TLwD7HPWuiOzvXEa3oCNe",
          "id": "6TLwD7HPWuiOzvXEa3oCNe",
          "name": "Oliver Tree",
          "type": "artist",
          "uri": "spotify:artist:6TLwD7HPWuiOzvXEa3oCNe"
        },
        {
          "external_urls": {
            "spotify": "https://open.spotify.com/artist/6Xgp2XMz1fhVYe7i6yNAax"
          },
          "href": "https://api.spotify.com/v1/artists/6Xgp2XMz1fhVYe7i6yNAax",
          "id": "6Xgp2XMz1fhVYe7i6yNAax",
          "name": "Trippie Redd",
          "type": "artist",
          "uri": "spotify:artist:6Xgp2XMz1fhVYe7i6yNAax"
        },
        {
          "external_urls": {
            "spotify": "https://open.spotify.com/artist/2rhFzFmezpnW82MNqEKVry"
          },
          "href": "https://api.spotify.com/v1/artists/2rhFzFmezpnW82MNqEKVry",
          "id": "2rhFzFmezpnW82MNqEKVry",
          "name": "Ski Mask The Slump God",
          "type": "artist",
          "uri": "spotify:artist:2rhFzFmezpnW82MNqEKVry"
        }
      ],
      "available_markets": [
        "AD",
        "AE",
        "AG",
        "AL",
        "AM",
        "AO",
        "AR",
        "AT",
        "AU",
        "AZ",
        "BA",
        "BB",
        "BD",
        "BE",
        "BF",
        "BG",
        "BH",
        "BI",
        "BJ",
        "BN",
        "BO",
        "BR",
        "BS",
        "BT",
        "BW",
        "BY",
        "BZ",
        "CA",
        "CD",
        "CG",
        "CH",
        "CI",
        "CL",
        "CM",
        "CO",
        "CR",
        "CV",
        "CW",
        "CY",
        "CZ",
        "DE",
        "DJ",
        "DK",
        "DM",
        "DO",
        "DZ",
        "EC",
        "EE",
        "EG",
        "ES",
        "FI",
        "FJ",
        "FM",
        "FR",
        "GA",
        "GB",
        "GD",
        "GE",
        "GH",
        "GM",
        "GN",
        "GQ",
        "GR",
        "GT",
        "GW",
        "GY",
        "HK",
        "HN",
        "HR",
        "HT",
        "HU",
        "ID",
        "IE",
        "IL",
        "IN",
        "IQ",
        "IS",
        "IT",
        "JM",
        "JO",
        "JP",
        "KE",
        "KG",
        "KH",
        "KI",
        "KM",
        "KN",
        "KR",
        "KW",
        "KZ",
        "LA",
        "LB",
        "LC",
        "LI",
        "LK",
        "LR",
        "LS",
        "LT",
        "LU",
        "LV",
        "LY",
        "MA",
        "MC",
        "MD",
        "ME",
        "MG",
        "MH",
        "MK",
        "ML",
        "MN",
        "MO",
        "MR",
        "MT",
        "MU",
        "MV",
        "MW",
        "MX",
        "MY",
        "MZ",
        "NA",
        "NE",
        "NG",
        "NI",
        "NL",
        "NO",
        "NP",
        "NR",
        "NZ",
        "OM",
        "PA",
        "PE",
        "PG",
        "PH",
        "PK",
        "PL",
        "PS",
        "PT",
        "PW",
        "PY",
        "QA",
        "RO",
        "RS",
        "RU",
        "RW",
        "SA",
        "SB",
        "SC",
        "SE",
        "SG",
        "SI",
        "SK",
        "SL",
        "SM",
        "SN",
        "SR",
        "ST",
        "SV",
        "SZ",
        "TD",
        "TG",
        "TH",
        "TJ",
        "TL",
        "TN",
        "TO",
        "TR",
        "TT",
        "TV",
        "TW",
        "TZ",
        "UA",
        "UG",
        "US",
        "UY",
        "UZ",
        "VC",
        "VE",
        "VN",
        "VU",
        "WS",
        "XK",
        "ZA",
        "ZM",
        "ZW"
      ],
      "external_urls": {
        "spotify": "https://open.spotify.com/album/1ucf98ip08W4dY41QZrXeq"
      },
      "href": "https://api.spotify.com/v1/albums/1ucf98ip08W4dY41QZrXeq",
      "id": "1ucf98ip08W4dY41QZrXeq",
      "images": [
        {
          "height": 640,
          "url": "https://i.scdn.co/image/ab67616d0000b273925275230e6804c9a6585269",
          "width": 640
        },
        {
          "height": 300,
          "url": "https://i.scdn.co/image/ab67616d00001e02925275230e6804c9a6585269",
          "width": 300
        },
        {
          "height": 64,
          "url": "https://i.scdn.co/image/ab67616d00004851925275230e6804c9a6585269",
          "width": 64
        }
      ],
      "name": "Life Goes On (feat. Trippie Redd & Ski Mask The Slump God)",
      "release_date": "2021-12-17",
      "release_date_precision": "day",
      "total_tracks": 2,
      "type": "album",
      "uri": "spotify:album:1ucf98ip08W4dY41QZrXeq"
    },
    {
      "album_type": "single",
      "artists": [
        {
          "external_urls": {
            "spotify": "https://open.spotify.com/artist/4IVAbR2w4JJNJDDRFP3E83"
          },
          "href": "https://api.spotify.com/v1/artists/4IVAbR2w4JJNJDDRFP3E83",
          "id": "4IVAbR2w4JJNJDDRFP3E83",
          "name": "6LACK",
          "type": "artist",
          "uri": "spotify:artist:4IVAbR2w4JJNJDDRFP3E83"
        }
      ],
      "available_markets": [
        "AD",
        "AE",
        "AG",
        "AL",
        "AM",
        "AO",
        "AR",
        "AT",
        "AU",
        "AZ",
        "BA",
        "BB",
        "BD",
        "BE",
        "BF",
        "BG",
        "BH",
        "BI",
        "BJ",
        "BN",
        "BO",
        "BR",
        "BS",
        "BT",
        "BW",
        "BY",
        "BZ",
        "CA",
        "CD",
        "CG",
        "CH",
        "CI",
        "CL",
        "CM",
        "CO",
        "CR",
        "CV",
        "CW",
        "CY",
        "CZ",
        "DE",
        "DJ",
        "DK",
        "DM",
        "DO",
        "DZ",
        "EC",
        "EE",
        "EG",
        "ES",
        "FI",
        "FJ",
        "FM",
        "FR",
        "GA",
        "GB",
        "GD",
        "GE",
        "GH",
        "GM",
        "GN",
        "GQ",
        "GR",
        "GT",
        "GW",
        "GY",
        "HK",
        "HN",
        "HR",
        "HT",
        "HU",
        "ID",
        "IE",
        "IL",
        "IN",
        "IQ",
        "IS",
        "IT",
        "JM",
        "JO",
        "JP",
        "KE",
        "KG",
        "KH",
        "KI",
        "KM",
        "KN",
        "KR",
        "KW",
        "KZ",
        "LA",
        "LB",
        "LC",
        "LI",
        "LK",
        "LR",
        "LS",
        "LT",
        "LU",
        "LV",
        "LY",
        "MA",
        "MC",
        "MD",
        "ME",
        "MG",
        "MH",
        "MK",
        "ML",
        "MN",
        "MO",
        "MR",
        "MT",
        "MU",
        "MV",
        "MW",
        "MX",
        "MY",
        "MZ",
        "NA",
        "NE",
        "NG",
        "NI",
        "NL",
        "NO",
        "NP",
        "NR",
        "NZ",
        "OM",
        "PA",
        "PE",
        "PG",
        "PH",
        "PK",
        "PL",
        "PS",
        "PT",
        "PW",
        "PY",
        "QA",
        "RO",
        "RS",
        "RU",
        "RW",
        "SA",
        "SB",
        "SC",
        "SE",
        "SG",
        "SI",
        "SK",
        "SL",
        "SM",
        "SN",
        "SR",
        "ST",
        "SV",
        "SZ",
        "TD",
        "TG",
        "TH",
        "TJ",
        "TL",
        "TN",
        "TO",
        "TR",
        "TT",
        "TV",
        "TW",
        "TZ",
        "UA",
        "UG",
        "US",
        "UY",
        "UZ",
        "VC",
        "VE",
        "VN",
        "VU",
        "WS",
        "XK",
        "ZA",
        "ZM",
        "ZW"
      ],
      "external_urls": {
        "spotify": "https://open.spotify.com/album/06nzu940k6jhkJ5TacM6y5"
      },
      "href": "https://api.spotify.com/v1/albums/06nzu940k6jhkJ5TacM6y5",
      "id": "06nzu940k6jhkJ5TacM6y5",
      "images": [
        {
          "height": 640,
          "url": "https://i.scdn.co/image/ab67616d0000b2738b6812afed07f32cbeeb6d6b",
          "width": 640
        },
        {
          "height": 300,
          "url": "https://i.scdn.co/image/ab67616d00001e028b6812afed07f32cbeeb6d6b",
          "width": 300
        },
        {
          "height": 64,
          "url": "https://i.scdn.co/image/ab67616d000048518b6812afed07f32cbeeb6d6b",
          "width": 64
        }
      ],
      "name": "Rent Free / By Any Means",
      "release_date": "2021-12-17",
      "release_date_precision": "day",
      "total_tracks": 2,
      "type": "album",
      "uri": "spotify:album:06nzu940k6jhkJ5TacM6y5"
    },
    {
      "album_type": "single",
      "artists": [
        {
          "external_urls": {
            "spotify": "https://open.spotify.com/artist/4lPl9gqgox3JDiaJ1yklKh"
          },
          "href": "https://api.spotify.com/v1/artists/4lPl9gqgox3JDiaJ1yklKh",
          "id": "4lPl9gqgox3JDiaJ1yklKh",
          "name": "Tierra Whack",
          "type": "artist",
          "uri": "spotify:artist:4lPl9gqgox3JDiaJ1yklKh"
        }
      ],
      "available_markets": [
        "AD",
        "AE",
        "AG",
        "AL",
        "AM",
        "AO",
        "AR",
        "AT",
        "AU",
        "AZ",
        "BA",
        "BB",
        "BD",
        "BE",
        "BF",
        "BG",
        "BH",
        "BI",
        "BJ",
        "BN",
        "BO",
        "BR",
        "BS",
        "BT",
        "BW",
        "BY",
        "BZ",
        "CA",
        "CD",
        "CG",
        "CH",
        "CI",
        "CL",
        "CM",
        "CO",
        "CR",
        "CV",
        "CW",
        "CY",
        "CZ",
        "DE",
        "DJ",
        "DK",
        "DM",
        "DO",
        "DZ",
        "EC",
        "EE",
        "EG",
        "ES",
        "FI",
        "FJ",
        "FM",
        "FR",
        "GA",
        "GB",
        "GD",
        "GE",
        "GH",
        "GM",
        "GN",
        "GQ",
        "GR",
        "GT",
        "GW",
        "GY",
        "HK",
        "HN",
        "HR",
        "HT",
        "HU",
        "ID",
        "IE",
        "IL",
        "IN",
        "IQ",
        "IS",
        "IT",
        "JM",
        "JO",
        "JP",
        "KE",
        "KG",
        "KH",
        "KI",
        "KM",
        "KN",
        "KR",
        "KW",
        "KZ",
        "LA",
        "LB",
        "LC",
        "LI",
        "LK",
        "LR",
        "LS",
        "LT",
        "LU",
        "LV",
        "LY",
        "MA",
        "MC",
        "MD",
        "ME",
        "MG",
        "MH",
        "MK",
        "ML",
        "MN",
        "MO",
        "MR",
        "MT",
        "MU",
        "MV",
        "MW",
        "MX",
        "MY",
        "MZ",
        "NA",
        "NE",
        "NG",
        "NI",
        "NL",
        "NO",
        "NP",
        "NR",
        "NZ",
        "OM",
        "PA",
        "PE",
        "PG",
        "PH",
        "PK",
        "PL",
        "PS",
        "PT",
        "PW",
        "PY",
        "QA",
        "RO",
        "RS",
        "RU",
        "RW",
        "SA",
        "SB",
        "SC",
        "SE",
        "SG",
        "SI",
        "SK",
        "SL",
        "SM",
        "SN",
        "SR",
        "ST",
        "SV",
        "SZ",
        "TD",
        "TG",
        "TH",
        "TJ",
        "TL",
        "TN",
        "TO",
        "TR",
        "TT",
        "TV",
        "TW",
        "TZ",
        "UA",
        "UG",
        "US",
        "UY",
        "UZ",
        "VC",
        "VE",
        "VN",
        "VU",
        "WS",
        "XK",
        "ZA",
        "ZM",
        "ZW"
      ],
      "external_urls": {
        "spotify": "https://open.spotify.com/album/1OTZupPjEaLRA8mbO4qvKz"
      },
      "href": "https://api.spotify.com/v1/albums/1OTZupPjEaLRA8mbO4qvKz",
      "id": "1OTZupPjEaLRA8mbO4qvKz",
      "images": [
        {
          "height": 640,
          "url": "https://i.scdn.co/image/ab67616d0000b273cd6660cb55c09a195ed326ac",
          "width": 640
        },
        {
          "height": 300,
          "url": "https://i.scdn.co/image/ab67616d00001e02cd6660cb55c09a195ed326ac",
          "width": 300
        },
        {
          "height": 64,
          "url": "https://i.scdn.co/image/ab67616d00004851cd6660cb55c09a195ed326ac",
          "width": 64
        }
      ],
      "name": "R&B?",
      "release_date": "2021-12-16",
      "release_date_precision": "day",
      "total_tracks": 3,
      "type": "album",
      "uri": "spotify:album:1OTZupPjEaLRA8mbO4qvKz"
    },
    {
      "album_type": "album",
      "artists": [
        {
          "external_urls": {
            "spotify": "https://open.spotify.com/artist/35CsFzAi3BR19Ar1wRlPb6"
          },
          "href": "https://api.spotify.com/v1/artists/35CsFzAi3BR19Ar1wRlPb6",
          "id": "35CsFzAi3BR19Ar1wRlPb6",
          "name": "Johnny Klimek",
          "type": "artist",
          "uri": "spotify:artist:35CsFzAi3BR19Ar1wRlPb6"
        },
        {
          "external_urls": {
            "spotify": "https://open.spotify.com/artist/1YtTF1pj1ZFufjkP0BEfWE"
          },
          "href": "https://api.spotify.com/v1/artists/1YtTF1pj1ZFufjkP0BEfWE",
          "id": "1YtTF1pj1ZFufjkP0BEfWE",
          "name": "Tom Tykwer",
          "type": "artist",
          "uri": "spotify:artist:1YtTF1pj1ZFufjkP0BEfWE"
        }
      ],
      "available_markets": [
        "AD",
        "AE",
        "AG",
        "AL",
        "AM",
        "AO",
        "AR",
        "AT",
        "AU",
        "AZ",
        "BA",
        "BB",
        "BD",
        "BE",
        "BF",
        "BG",
        "BH",
        "BI",
        "BJ",
        "BN",
        "BO",
        "BR",
        "BS",
        "BT",
        "BW",
        "BY",
        "BZ",
        "CA",
        "CD",
        "CG",
        "CH",
        "CI",
        "CL",
        "CM",
        "CO",
        "CR",
        "CV",
        "CW",
        "CY",
        "CZ",
        "DE",
        "DJ",
        "DK",
        "DM",
        "DO",
        "DZ",
        "EC",
        "EE",
        "EG",
        "ES",
        "FI",
        "FJ",
        "FM",
        "FR",
        "GA",
        "GB",
        "GD",
        "GE",
        "GH",
        "GM",
        "GN",
        "GQ",
        "GR",
        "GT",
        "GW",
        "GY",
        "HK",
        "HN",
        "HR",
        "HT",
        "HU",
        "ID",
        "IE",
        "IL",
        "IN",
        "IQ",
        "IS",
        "IT",
        "JM",
        "JO",
        "JP",
        "KE",
        "KG",
        "KH",
        "KI",
        "KM",
        "KN",
        "KR",
        "KW",
        "KZ",
        "LA",
        "LB",
        "LC",
        "LI",
        "LK",
        "LR",
        "LS",
        "LT",
        "LU",
        "LV",
        "LY",
        "MA",
        "MC",
        "MD",
        "ME",
        "MG",
        "MH",
        "MK",
        "ML",
        "MN",
        "MO",
        "MR",
        "MT",
        "MU",
        "MV",
        "MW",
        "MX",
        "MY",
        "MZ",
        "NA",
        "NE",
        "NG",
        "NI",
        "NL",
        "NO",
        "NP",
        "NR",
        "NZ",
        "OM",
        "PA",
        "PE",
        "PG",
        "PH",
        "PK",
        "PL",
        "PS",
        "PT",
        "PW",
        "PY",
        "QA",
        "RO",
        "RS",
        "RU",
        "RW",
        "SA",
        "SB",
        "SC",
        "SE",
        "SG",
        "SI",
        "SK",
        "SL",
        "SM",
        "SN",
        "SR",
        "ST",
        "SV",
        "SZ",
        "TD",
        "TG",
        "TH",
        "TJ",
        "TL",
        "TN",
        "TO",
        "TR",
        "TT",
        "TV",
        "TW",
        "TZ",
        "UA",
        "UG",
        "US",
        "UY",
        "UZ",
        "VC",
        "VE",
        "VN",
        "VU",
        "WS",
        "XK",
        "ZA",
        "ZM",
        "ZW"
      ],
      "external_urls": {
        "spotify": "https://open.spotify.com/album/6RjA1eIgIas30qqvsu0X9W"
      },
      "href": "https://api.spotify.com/v1/albums/6RjA1eIgIas30qqvsu0X9W",
      "id": "6RjA1eIgIas30qqvsu0X9W",
      "images": [
        {
          "height": 640,
          "url": "https://i.scdn.co/image/ab67616d0000b2739c3c13a0643e08a6ccd53b59",
          "width": 640
        },
        {
          "height": 300,
          "url": "https://i.scdn.co/image/ab67616d00001e029c3c13a0643e08a6ccd53b59",
          "width": 300
        },
        {
          "height": 64,
          "url": "https://i.scdn.co/image/ab67616d000048519c3c13a0643e08a6ccd53b59",
          "width": 64
        }
      ],
      "name": "The Matrix Resurrections (Original Motion Picture Soundtrack)",
      "release_date": "2021-12-17",
      "release_date_precision": "day",
      "total_tracks": 35,
      "type": "album",
      "uri": "spotify:album:6RjA1eIgIas30qqvsu0X9W"
    },
    {
      "album_type": "album",
      "artists": [
        {
          "external_urls": {
            "spotify": "https://open.spotify.com/artist/15iVAtD3s3FsQR4w1v6M0P"
          },
          "href": "https://api.spotify.com/v1/artists/15iVAtD3s3FsQR4w1v6M0P",
          "id": "15iVAtD3s3FsQR4w1v6M0P",
          "name": "Chief Keef",
          "type": "artist",
          "uri": "spotify:artist:15iVAtD3s3FsQR4w1v6M0P"
        }
      ],
      "available_markets": [
        "AD",
        "AE",
        "AG",
        "AL",
        "AM",
        "AO",
        "AR",
        "AT",
        "AU",
        "AZ",
        "BA",
        "BB",
        "BD",
        "BE",
        "BF",
        "BG",
        "BH",
        "BI",
        "BJ",
        "BN",
        "BO",
        "BR",
        "BS",
        "BT",
        "BW",
        "BY",
        "BZ",
        "CA",
        "CD",
        "CG",
        "CH",
        "CI",
        "CL",
        "CM",
        "CO",
        "CR",
        "CV",
        "CW",
        "CY",
        "CZ",
        "DE",
        "DJ",
        "DK",
        "DM",
        "DO",
        "DZ",
        "EC",
        "EE",
        "EG",
        "ES",
        "FI",
        "FJ",
        "FM",
        "FR",
        "GA",
        "GB",
        "GD",
        "GE",
        "GH",
        "GM",
        "GN",
        "GQ",
        "GR",
        "GT",
        "GW",
        "GY",
        "HK",
        "HN",
        "HR",
        "HT",
        "HU",
        "ID",
        "IE",
        "IL",
        "IN",
        "IQ",
        "IS",
        "IT",
        "JM",
        "JO",
        "JP",
        "KE",
        "KG",
        "KH",
        "KI",
        "KM",
        "KN",
        "KR",
        "KW",
        "KZ",
        "LA",
        "LB",
        "LC",
        "LI",
        "LK",
        "LR",
        "LS",
        "LT",
        "LU",
        "LV",
        "LY",
        "MA",
        "MC",
        "MD",
        "ME",
        "MG",
        "MH",
        "MK",
        "ML",
        "MN",
        "MO",
        "MR",
        "MT",
        "MU",
        "MV",
        "MW",
        "MX",
        "MY",
        "MZ",
        "NA",
        "NE",
        "NG",
        "NI",
        "NL",
        "NO",
        "NP",
        "NR",
        "NZ",
        "OM",
        "PA",
        "PE",
        "PG",
        "PH",
        "PK",
        "PL",
        "PS",
        "PT",
        "PW",
        "PY",
        "QA",
        "RO",
        "RS",
        "RU",
        "RW",
        "SA",
        "SB",
        "SC",
        "SE",
        "SG",
        "SI",
        "SK",
        "SL",
        "SM",
        "SN",
        "SR",
        "ST",
        "SV",
        "SZ",
        "TD",
        "TG",
        "TH",
        "TJ",
        "TL",
        "TN",
        "TO",
        "TR",
        "TT",
        "TV",
        "TW",
        "TZ",
        "UA",
        "UG",
        "US",
        "UY",
        "UZ",
        "VC",
        "VE",
        "VN",
        "VU",
        "WS",
        "XK",
        "ZA",
        "ZM",
        "ZW"
      ],
      "external_urls": {
        "spotify": "https://open.spotify.com/album/117i43x9P3zxUQ7UAcxrBV"
      },
      "href": "https://api.spotify.com/v1/albums/117i43x9P3zxUQ7UAcxrBV",
      "id": "117i43x9P3zxUQ7UAcxrBV",
      "images": [
        {
          "height": 640,
          "url": "https://i.scdn.co/image/ab67616d0000b2730f30c5c8809fa6e6776dceaa",
          "width": 640
        },
        {
          "height": 300,
          "url": "https://i.scdn.co/image/ab67616d00001e020f30c5c8809fa6e6776dceaa",
          "width": 300
        },
        {
          "height": 64,
          "url": "https://i.scdn.co/image/ab67616d000048510f30c5c8809fa6e6776dceaa",
          "width": 64
        }
      ],
      "name": "4NEM",
      "release_date": "2021-12-17",
      "release_date_precision": "day",
      "total_tracks": 15,
      "type": "album",
      "uri": "spotify:album:117i43x9P3zxUQ7UAcxrBV"
    },
    {
      "album_type": "album",
      "artists": [
        {
          "external_urls": {
            "spotify": "https://open.spotify.com/artist/13y7CgLHjMVRMDqxdx0Xdo"
          },
          "href": "https://api.spotify.com/v1/artists/13y7CgLHjMVRMDqxdx0Xdo",
          "id": "13y7CgLHjMVRMDqxdx0Xdo",
          "name": "Gucci Mane",
          "type": "artist",
          "uri": "spotify:artist:13y7CgLHjMVRMDqxdx0Xdo"
        }
      ],
      "available_markets": [
        "AD",
        "AE",
        "AG",
        "AL",
        "AM",
        "AO",
        "AR",
        "AT",
        "AU",
        "AZ",
        "BA",
        "BB",
        "BD",
        "BE",
        "BF",
        "BG",
        "BH",
        "BI",
        "BJ",
        "BN",
        "BO",
        "BR",
        "BS",
        "BT",
        "BW",
        "BY",
        "BZ",
        "CA",
        "CD",
        "CG",
        "CH",
        "CI",
        "CL",
        "CM",
        "CO",
        "CR",
        "CV",
        "CW",
        "CY",
        "CZ",
        "DE",
        "DJ",
        "DK",
        "DM",
        "DO",
        "DZ",
        "EC",
        "EE",
        "EG",
        "ES",
        "FI",
        "FJ",
        "FM",
        "FR",
        "GA",
        "GB",
        "GD",
        "GE",
        "GH",
        "GM",
        "GN",
        "GQ",
        "GR",
        "GT",
        "GW",
        "GY",
        "HK",
        "HN",
        "HR",
        "HT",
        "HU",
        "ID",
        "IE",
        "IL",
        "IN",
        "IQ",
        "IS",
        "IT",
        "JM",
        "JO",
        "JP",
        "KE",
        "KG",
        "KH",
        "KI",
        "KM",
        "KN",
        "KR",
        "KW",
        "KZ",
        "LA",
        "LB",
        "LC",
        "LI",
        "LK",
        "LR",
        "LS",
        "LT",
        "LU",
        "LV",
        "LY",
        "MA",
        "MC",
        "MD",
        "ME",
        "MG",
        "MH",
        "MK",
        "ML",
        "MN",
        "MO",
        "MR",
        "MT",
        "MU",
        "MV",
        "MW",
        "MX",
        "MY",
        "MZ",
        "NA",
        "NE",
        "NG",
        "NI",
        "NL",
        "NO",
        "NP",
        "NR",
        "NZ",
        "OM",
        "PA",
        "PE",
        "PG",
        "PH",
        "PK",
        "PL",
        "PS",
        "PT",
        "PW",
        "PY",
        "QA",
        "RO",
        "RS",
        "RU",
        "RW",
        "SA",
        "SB",
        "SC",
        "SE",
        "SG",
        "SI",
        "SK",
        "SL",
        "SM",
        "SN",
        "SR",
        "ST",
        "SV",
        "SZ",
        "TD",
        "TG",
        "TH",
        "TJ",
        "TL",
        "TN",
        "TO",
        "TR",
        "TT",
        "TV",
        "TW",
        "TZ",
        "UA",
        "UG",
        "US",
        "UY",
        "UZ",
        "VC",
        "VE",
        "VN",
        "VU",
        "WS",
        "XK",
        "ZA",
        "ZM",
        "ZW"
      ],
      "external_urls": {
        "spotify": "https://open.spotify.com/album/2akb547l1kwTss6MNU3JyG"
      },
      "href": "https://api.spotify.com/v1/albums/2akb547l1kwTss6MNU3JyG",
      "id": "2akb547l1kwTss6MNU3JyG",
      "images": [
        {
          "height": 640,
          "url": "https://i.scdn.co/image/ab67616d0000b273b6792af95651e0c486a2ee62",
          "width": 640
        },
        {
          "height": 300,
          "url": "https://i.scdn.co/image/ab67616d00001e02b6792af95651e0c486a2ee62",
          "width": 300
        },
        {
          "height": 64,
          "url": "https://i.scdn.co/image/ab67616d00004851b6792af95651e0c486a2ee62",
          "width": 64
        }
      ],
      "name": "So Icy Christmas",
      "release_date": "2021-12-17",
      "release_date_precision": "day",
      "total_tracks": 17,
      "type": "album",
      "uri": "spotify:album:2akb547l1kwTss6MNU3JyG"
    },
    {
      "album_type": "single",
      "artists": [
        {
          "external_urls": {
            "spotify": "https://open.spotify.com/artist/5QdyldG4Fl4TPiOIeMNpBZ"
          },
          "href": "https://api.spotify.com/v1/artists/5QdyldG4Fl4TPiOIeMNpBZ",
          "id": "5QdyldG4Fl4TPiOIeMNpBZ",
          "name": "Big Thief",
          "type": "artist",
          "uri": "spotify:artist:5QdyldG4Fl4TPiOIeMNpBZ"
        }
      ],
      "available_markets": [
        "AD",
        "AE",
        "AG",
        "AL",
        "AM",
        "AO",
        "AR",
        "AT",
        "AU",
        "AZ",
        "BA",
        "BB",
        "BD",
        "BE",
        "BF",
        "BG",
        "BH",
        "BI",
        "BJ",
        "BN",
        "BO",
        "BR",
        "BS",
        "BT",
        "BW",
        "BY",
        "BZ",
        "CA",
        "CD",
        "CG",
        "CH",
        "CI",
        "CL",
        "CM",
        "CO",
        "CR",
        "CV",
        "CW",
        "CY",
        "CZ",
        "DE",
        "DJ",
        "DK",
        "DM",
        "DO",
        "DZ",
        "EC",
        "EE",
        "EG",
        "ES",
        "FI",
        "FJ",
        "FM",
        "FR",
        "GA",
        "GB",
        "GD",
        "GE",
        "GH",
        "GM",
        "GN",
        "GQ",
        "GR",
        "GT",
        "GW",
        "GY",
        "HK",
        "HN",
        "HR",
        "HT",
        "HU",
        "ID",
        "IE",
        "IL",
        "IN",
        "IQ",
        "IS",
        "IT",
        "JM",
        "JO",
        "JP",
        "KE",
        "KG",
        "KH",
        "KI",
        "KM",
        "KN",
        "KR",
        "KW",
        "KZ",
        "LA",
        "LB",
        "LC",
        "LI",
        "LK",
        "LR",
        "LS",
        "LT",
        "LU",
        "LV",
        "LY",
        "MA",
        "MC",
        "MD",
        "ME",
        "MG",
        "MH",
        "MK",
        "ML",
        "MN",
        "MO",
        "MR",
        "MT",
        "MU",
        "MV",
        "MW",
        "MX",
        "MY",
        "MZ",
        "NA",
        "NE",
        "NG",
        "NI",
        "NL",
        "NO",
        "NP",
        "NR",
        "NZ",
        "OM",
        "PA",
        "PE",
        "PG",
        "PH",
        "PK",
        "PL",
        "PS",
        "PT",
        "PW",
        "PY",
        "QA",
        "RO",
        "RS",
        "RU",
        "RW",
        "SA",
        "SB",
        "SC",
        "SE",
        "SG",
        "SI",
        "SK",
        "SL",
        "SM",
        "SN",
        "SR",
        "ST",
        "SV",
        "SZ",
        "TD",
        "TG",
        "TH",
        "TJ",
        "TL",
        "TN",
        "TO",
        "TR",
        "TT",
        "TV",
        "TW",
        "TZ",
        "UA",
        "UG",
        "US",
        "UY",
        "UZ",
        "VC",
        "VE",
        "VN",
        "VU",
        "WS",
        "XK",
        "ZA",
        "ZM",
        "ZW"
      ],
      "external_urls": {
        "spotify": "https://open.spotify.com/album/13lNwYutq39VEtYK5nJ617"
      },
      "href": "https://api.spotify.com/v1/albums/13lNwYutq39VEtYK5nJ617",
      "id": "13lNwYutq39VEtYK5nJ617",
      "images": [
        {
          "height": 640,
          "url": "https://i.scdn.co/image/ab67616d0000b27355bc98763f20825e58285a30",
          "width": 640
        },
        {
          "height": 300,
          "url": "https://i.scdn.co/image/ab67616d00001e0255bc98763f20825e58285a30",
          "width": 300
        },
        {
          "height": 64,
          "url": "https://i.scdn.co/image/ab67616d0000485155bc98763f20825e58285a30",
          "width": 64
        }
      ],
      "name": "No Reason / Spud Infinity",
      "release_date": "2021-12-14",
      "release_date_precision": "day",
      "total_tracks": 7,
      "type": "album",
      "uri": "spotify:album:13lNwYutq39VEtYK5nJ617"
    },
    {
      "album_type": "single",
      "artists": [
        {
          "external_urls": {
            "spotify": "https://open.spotify.com/artist/3IhWQSrLj8EJjdvjFTpCyo"
          },
          "href": "https://api.spotify.com/v1/artists/3IhWQSrLj8EJjdvjFTpCyo",
          "id": "3IhWQSrLj8EJjdvjFTpCyo",
          "name": "Vince Gill",
          "type": "artist",
          "uri": "spotify:artist:3IhWQSrLj8EJjdvjFTpCyo"
        }
      ],
      "available_markets": [
        "AD",
        "AE",
        "AG",
        "AL",
        "AM",
        "AO",
        "AR",
        "AT",
        "AU",
        "AZ",
        "BA",
        "BB",
        "BD",
        "BE",
        "BF",
        "BG",
        "BH",
        "BI",
        "BJ",
        "BN",
        "BO",
        "BR",
        "BS",
        "BT",
        "BW",
        "BY",
        "BZ",
        "CA",
        "CD",
        "CG",
        "CH",
        "CI",
        "CL",
        "CM",
        "CO",
        "CR",
        "CV",
        "CW",
        "CY",
        "CZ",
        "DE",
        "DJ",
        "DK",
        "DM",
        "DO",
        "DZ",
        "EC",
        "EE",
        "EG",
        "ES",
        "FI",
        "FJ",
        "FM",
        "FR",
        "GA",
        "GB",
        "GD",
        "GE",
        "GH",
        "GM",
        "GN",
        "GQ",
        "GR",
        "GT",
        "GW",
        "GY",
        "HK",
        "HN",
        "HR",
        "HT",
        "HU",
        "ID",
        "IE",
        "IL",
        "IN",
        "IQ",
        "IS",
        "IT",
        "JM",
        "JO",
        "JP",
        "KE",
        "KG",
        "KH",
        "KI",
        "KM",
        "KN",
        "KR",
        "KW",
        "KZ",
        "LA",
        "LB",
        "LC",
        "LI",
        "LK",
        "LR",
        "LS",
        "LT",
        "LU",
        "LV",
        "LY",
        "MA",
        "MC",
        "MD",
        "ME",
        "MG",
        "MH",
        "MK",
        "ML",
        "MN",
        "MO",
        "MR",
        "MT",
        "MU",
        "MV",
        "MW",
        "MX",
        "MY",
        "MZ",
        "NA",
        "NE",
        "NG",
        "NI",
        "NL",
        "NO",
        "NP",
        "NR",
        "NZ",
        "OM",
        "PA",
        "PE",
        "PG",
        "PH",
        "PK",
        "PL",
        "PS",
        "PT",
        "PW",
        "PY",
        "QA",
        "RO",
        "RS",
        "RU",
        "RW",
        "SA",
        "SB",
        "SC",
        "SE",
        "SG",
        "SI",
        "SK",
        "SL",
        "SM",
        "SN",
        "SR",
        "ST",
        "SV",
        "SZ",
        "TD",
        "TG",
        "TH",
        "TJ",
        "TL",
        "TN",
        "TO",
        "TR",
        "TT",
        "TV",
        "TW",
        "TZ",
        "UA",
        "UG",
        "US",
        "UY",
        "UZ",
        "VC",
        "VE",
        "VN",
        "VU",
        "WS",
        "XK",
        "ZA",
        "ZM",
        "ZW"
      ],
      "external_urls": {
        "spotify": "https://open.spotify.com/album/15t2WXfpVffaNOo92Z3mr0"
      },
      "href": "https://api.spotify.com/v1/albums/15t2WXfpVffaNOo92Z3mr0",
      "id": "15t2WXfpVffaNOo92Z3mr0",
      "images": [
        {
          "height": 640,
          "url": "https://i.scdn.co/image/ab67616d0000b2732b0bdfbac00a11bf1260d5c5",
          "width": 640
        },
        {
          "height": 300,
          "url": "https://i.scdn.co/image/ab67616d00001e022b0bdfbac00a11bf1260d5c5",
          "width": 300
        },
        {
          "height": 64,
          "url": "https://i.scdn.co/image/ab67616d000048512b0bdfbac00a11bf1260d5c5",
          "width": 64
        }
      ],
      "name": "Love Changes Everything (From The Motion Picture American Underdog)",
      "release_date": "2021-12-17",
      "release_date_precision": "day",
      "total_tracks": 1,
      "type": "album",
      "uri": "spotify:album:15t2WXfpVffaNOo92Z3mr0"
    },
    {
      "album_type": "single",
      "artists": [
        {
          "external_urls": {
            "spotify": "https://open.spotify.com/artist/77AiFEVeAVj2ORpC85QVJs"
          },
          "href": "https://api.spotify.com/v1/artists/77AiFEVeAVj2ORpC85QVJs",
          "id": "77AiFEVeAVj2ORpC85QVJs",
          "name": "Steve Aoki",
          "type": "artist",
          "uri": "spotify:artist:77AiFEVeAVj2ORpC85QVJs"
        },
        {
          "external_urls": {
            "spotify": "https://open.spotify.com/artist/1lzugG0lqNh9nP6Fp2zG3c"
          },
          "href": "https://api.spotify.com/v1/artists/1lzugG0lqNh9nP6Fp2zG3c",
          "id": "1lzugG0lqNh9nP6Fp2zG3c",
          "name": "Global Dan",
          "type": "artist",
          "uri": "spotify:artist:1lzugG0lqNh9nP6Fp2zG3c"
        }
      ],
      "available_markets": [
        "AD",
        "AE",
        "AG",
        "AL",
        "AM",
        "AO",
        "AR",
        "AT",
        "AZ",
        "BA",
        "BB",
        "BD",
        "BE",
        "BF",
        "BG",
        "BH",
        "BI",
        "BJ",
        "BN",
        "BO",
        "BR",
        "BS",
        "BT",
        "BW",
        "BY",
        "BZ",
        "CA",
        "CD",
        "CG",
        "CH",
        "CI",
        "CL",
        "CM",
        "CO",
        "CR",
        "CV",
        "CW",
        "CY",
        "CZ",
        "DE",
        "DJ",
        "DK",
        "DM",
        "DO",
        "DZ",
        "EC",
        "EE",
        "EG",
        "ES",
        "FI",
        "FJ",
        "FM",
        "FR",
        "GA",
        "GB",
        "GD",
        "GE",
        "GH",
        "GM",
        "GN",
        "GQ",
        "GR",
        "GT",
        "GW",
        "GY",
        "HK",
        "HN",
        "HR",
        "HT",
        "HU",
        "ID",
        "IE",
        "IL",
        "IN",
        "IQ",
        "IS",
        "IT",
        "JM",
        "JO",
        "JP",
        "KE",
        "KG",
        "KH",
        "KI",
        "KM",
        "KN",
        "KR",
        "KW",
        "KZ",
        "LA",
        "LB",
        "LC",
        "LI",
        "LK",
        "LR",
        "LS",
        "LT",
        "LU",
        "LV",
        "LY",
        "MA",
        "MC",
        "MD",
        "ME",
        "MG",
        "MH",
        "MK",
        "ML",
        "MN",
        "MO",
        "MR",
        "MT",
        "MU",
        "MV",
        "MW",
        "MX",
        "MY",
        "MZ",
        "NA",
        "NE",
        "NG",
        "NI",
        "NL",
        "NO",
        "NP",
        "NR",
        "OM",
        "PA",
        "PE",
        "PG",
        "PH",
        "PK",
        "PL",
        "PS",
        "PT",
        "PW",
        "PY",
        "QA",
        "RO",
        "RS",
        "RU",
        "RW",
        "SA",
        "SB",
        "SC",
        "SE",
        "SG",
        "SI",
        "SK",
        "SL",
        "SM",
        "SN",
        "SR",
        "ST",
        "SV",
        "SZ",
        "TD",
        "TG",
        "TH",
        "TJ",
        "TL",
        "TN",
        "TO",
        "TR",
        "TT",
        "TV",
        "TW",
        "TZ",
        "UA",
        "UG",
        "US",
        "UY",
        "UZ",
        "VC",
        "VE",
        "VN",
        "VU",
        "WS",
        "XK",
        "ZA",
        "ZM",
        "ZW"
      ],
      "external_urls": {
        "spotify": "https://open.spotify.com/album/4su0t3XDFmCCdQaQXd51no"
      },
      "href": "https://api.spotify.com/v1/albums/4su0t3XDFmCCdQaQXd51no",
      "id": "4su0t3XDFmCCdQaQXd51no",
      "images": [
        {
          "height": 640,
          "url": "https://i.scdn.co/image/ab67616d0000b2735cfd6668f148e3669a0a31f1",
          "width": 640
        },
        {
          "height": 300,
          "url": "https://i.scdn.co/image/ab67616d00001e025cfd6668f148e3669a0a31f1",
          "width": 300
        },
        {
          "height": 64,
          "url": "https://i.scdn.co/image/ab67616d000048515cfd6668f148e3669a0a31f1",
          "width": 64
        }
      ],
      "name": "Stars Don't Shine (feat. Global Dan)",
      "release_date": "2021-12-17",
      "release_date_precision": "day",
      "total_tracks": 1,
      "type": "album",
      "uri": "spotify:album:4su0t3XDFmCCdQaQXd51no"
    },
    {
      "album_type": "single",
      "artists": [
        {
          "external_urls": {
            "spotify": "https://open.spotify.com/artist/41X1TR6hrK8Q2ZCpp2EqCz"
          },
          "href": "https://api.spotify.com/v1/artists/41X1TR6hrK8Q2ZCpp2EqCz",
          "id": "41X1TR6hrK8Q2ZCpp2EqCz",
          "name": "bbno$",
          "type": "artist",
          "uri": "spotify:artist:41X1TR6hrK8Q2ZCpp2EqCz"
        },
        {
          "external_urls": {
            "spotify": "https://open.spotify.com/artist/2IDLDx25HU1nQMKde4n61a"
          },
          "href": "https://api.spotify.com/v1/artists/2IDLDx25HU1nQMKde4n61a",
          "id": "2IDLDx25HU1nQMKde4n61a",
          "name": "Rich Brian",
          "type": "artist",
          "uri": "spotify:artist:2IDLDx25HU1nQMKde4n61a"
        },
        {
          "external_urls": {
            "spotify": "https://open.spotify.com/artist/5fMUXHkw8R8eOP2RNVYEZX"
          },
          "href": "https://api.spotify.com/v1/artists/5fMUXHkw8R8eOP2RNVYEZX",
          "id": "5fMUXHkw8R8eOP2RNVYEZX",
          "name": "Diplo",
          "type": "artist",
          "uri": "spotify:artist:5fMUXHkw8R8eOP2RNVYEZX"
        }
      ],
      "available_markets": [
        "AD",
        "AE",
        "AG",
        "AL",
        "AM",
        "AO",
        "AR",
        "AT",
        "AU",
        "AZ",
        "BA",
        "BB",
        "BD",
        "BE",
        "BF",
        "BG",
        "BH",
        "BI",
        "BJ",
        "BN",
        "BO",
        "BR",
        "BS",
        "BT",
        "BW",
        "BY",
        "BZ",
        "CA",
        "CD",
        "CG",
        "CH",
        "CI",
        "CL",
        "CM",
        "CO",
        "CR",
        "CV",
        "CW",
        "CY",
        "CZ",
        "DE",
        "DJ",
        "DK",
        "DM",
        "DO",
        "DZ",
        "EC",
        "EE",
        "EG",
        "ES",
        "FI",
        "FJ",
        "FM",
        "FR",
        "GA",
        "GB",
        "GD",
        "GE",
        "GH",
        "GM",
        "GN",
        "GQ",
        "GR",
        "GT",
        "GW",
        "GY",
        "HK",
        "HN",
        "HR",
        "HT",
        "HU",
        "ID",
        "IE",
        "IL",
        "IN",
        "IQ",
        "IS",
        "IT",
        "JM",
        "JO",
        "JP",
        "KE",
        "KG",
        "KH",
        "KI",
        "KM",
        "KN",
        "KR",
        "KW",
        "KZ",
        "LA",
        "LB",
        "LC",
        "LI",
        "LK",
        "LR",
        "LS",
        "LT",
        "LU",
        "LV",
        "LY",
        "MA",
        "MC",
        "MD",
        "ME",
        "MG",
        "MH",
        "MK",
        "ML",
        "MN",
        "MO",
        "MR",
        "MT",
        "MU",
        "MV",
        "MW",
        "MX",
        "MY",
        "MZ",
        "NA",
        "NE",
        "NG",
        "NI",
        "NL",
        "NO",
        "NP",
        "NR",
        "NZ",
        "OM",
        "PA",
        "PE",
        "PG",
        "PH",
        "PK",
        "PL",
        "PS",
        "PT",
        "PW",
        "PY",
        "QA",
        "RO",
        "RS",
        "RU",
        "RW",
        "SA",
        "SB",
        "SC",
        "SE",
        "SG",
        "SI",
        "SK",
        "SL",
        "SM",
        "SN",
        "SR",
        "ST",
        "SV",
        "SZ",
        "TD",
        "TG",
        "TH",
        "TJ",
        "TL",
        "TN",
        "TO",
        "TR",
        "TT",
        "TV",
        "TW",
        "TZ",
        "UA",
        "UG",
        "US",
        "UY",
        "UZ",
        "VC",
        "VE",
        "VN",
        "VU",
        "WS",
        "XK",
        "ZA",
        "ZM",
        "ZW"
      ],
      "external_urls": {
        "spotify": "https://open.spotify.com/album/2pcFjaO7Eouy8DiDV9mmjW"
      },
      "href": "https://api.spotify.com/v1/albums/2pcFjaO7Eouy8DiDV9mmjW",
      "id": "2pcFjaO7Eouy8DiDV9mmjW",
      "images": [
        {
          "height": 640,
          "url": "https://i.scdn.co/image/ab67616d0000b273a11f2b07232754bfdc58c29c",
          "width": 640
        },
        {
          "height": 300,
          "url": "https://i.scdn.co/image/ab67616d00001e02a11f2b07232754bfdc58c29c",
          "width": 300
        },
        {
          "height": 64,
          "url": "https://i.scdn.co/image/ab67616d00004851a11f2b07232754bfdc58c29c",
          "width": 64
        }
      ],
      "name": "edamame (feat. Rich Brian) [Diplo Remix]",
      "release_date": "2021-12-15",
      "release_date_precision": "day",
      "total_tracks": 1,
      "type": "album",
      "uri": "spotify:album:2pcFjaO7Eouy8DiDV9mmjW"
    },
    {
      "album_type": "album",
      "artists": [
        {
          "external_urls": {
            "spotify": "https://open.spotify.com/artist/4FlG0V0jhLO4qGpayFOphj"
          },
          "href": "https://api.spotify.com/v1/artists/4FlG0V0jhLO4qGpayFOphj",
          "id": "4FlG0V0jhLO4qGpayFOphj",
          "name": "EST Gee",
          "type": "artist",
          "uri": "spotify:artist:4FlG0V0jhLO4qGpayFOphj"
        }
      ],
      "available_markets": [
        "AD",
        "AE",
        "AG",
        "AL",
        "AM",
        "AO",
        "AR",
        "AT",
        "AU",
        "AZ",
        "BA",
        "BB",
        "BD",
        "BE",
        "BF",
        "BG",
        "BH",
        "BI",
        "BJ",
        "BN",
        "BO",
        "BR",
        "BS",
        "BT",
        "BW",
        "BY",
        "BZ",
        "CA",
        "CD",
        "CG",
        "CH",
        "CI",
        "CL",
        "CM",
        "CO",
        "CR",
        "CV",
        "CW",
        "CY",
        "CZ",
        "DE",
        "DJ",
        "DK",
        "DM",
        "DO",
        "DZ",
        "EC",
        "EE",
        "EG",
        "ES",
        "FI",
        "FJ",
        "FM",
        "FR",
        "GA",
        "GB",
        "GD",
        "GE",
        "GH",
        "GM",
        "GN",
        "GQ",
        "GR",
        "GT",
        "GW",
        "GY",
        "HK",
        "HN",
        "HR",
        "HT",
        "HU",
        "ID",
        "IE",
        "IL",
        "IN",
        "IQ",
        "IS",
        "IT",
        "JM",
        "JO",
        "JP",
        "KE",
        "KG",
        "KH",
        "KI",
        "KM",
        "KN",
        "KR",
        "KW",
        "KZ",
        "LA",
        "LB",
        "LC",
        "LI",
        "LK",
        "LR",
        "LS",
        "LT",
        "LU",
        "LV",
        "LY",
        "MA",
        "MC",
        "MD",
        "ME",
        "MG",
        "MH",
        "MK",
        "ML",
        "MN",
        "MO",
        "MR",
        "MT",
        "MU",
        "MV",
        "MW",
        "MX",
        "MY",
        "MZ",
        "NA",
        "NE",
        "NG",
        "NI",
        "NL",
        "NO",
        "NP",
        "NR",
        "NZ",
        "OM",
        "PA",
        "PE",
        "PG",
        "PH",
        "PK",
        "PL",
        "PS",
        "PT",
        "PW",
        "PY",
        "QA",
        "RO",
        "RS",
        "RU",
        "RW",
        "SA",
        "SB",
        "SC",
        "SE",
        "SG",
        "SI",
        "SK",
        "SL",
        "SM",
        "SN",
        "SR",
        "ST",
        "SV",
        "SZ",
        "TD",
        "TG",
        "TH",
        "TJ",
        "TL",
        "TN",
        "TO",
        "TR",
        "TT",
        "TV",
        "TW",
        "TZ",
        "UA",
        "UG",
        "US",
        "UY",
        "UZ",
        "VC",
        "VE",
        "VN",
        "VU",
        "WS",
        "XK",
        "ZA",
        "ZM",
        "ZW"
      ],
      "external_urls": {
        "spotify": "https://open.spotify.com/album/5TJ8D5dMvMYla06T6hTAvA"
      },
      "href": "https://api.spotify.com/v1/albums/5TJ8D5dMvMYla06T6hTAvA",
      "id": "5TJ8D5dMvMYla06T6hTAvA",
      "images": [
        {
          "height": 640,
          "url": "https://i.scdn.co/image/ab67616d0000b2739db5054a75dd748d65dbab9a",
          "width": 640
        },
        {
          "height": 300,
          "url": "https://i.scdn.co/image/ab67616d00001e029db5054a75dd748d65dbab9a",
          "width": 300
        },
        {
          "height": 64,
          "url": "https://i.scdn.co/image/ab67616d000048519db5054a75dd748d65dbab9a",
          "width": 64
        }
      ],
      "name": "Bigger Than Life Or Death (Deluxe)",
      "release_date": "2021-12-17",
      "release_date_precision": "day",
      "total_tracks": 26,
      "type": "album",
      "uri": "spotify:album:5TJ8D5dMvMYla06T6hTAvA"
    },
    {
      "album_type": "single",
      "artists": [
        {
          "external_urls": {
            "spotify": "https://open.spotify.com/artist/34Y0ldeyUv7jBvukWOGASO"
          },
          "href": "https://api.spotify.com/v1/artists/34Y0ldeyUv7jBvukWOGASO",
          "id": "34Y0ldeyUv7jBvukWOGASO",
          "name": "Bobby Shmurda",
          "type": "artist",
          "uri": "spotify:artist:34Y0ldeyUv7jBvukWOGASO"
        },
        {
          "external_urls": {
            "spotify": "https://open.spotify.com/artist/0VRj0yCOv2FXJNP47XQnx5"
          },
          "href": "https://api.spotify.com/v1/artists/0VRj0yCOv2FXJNP47XQnx5",
          "id": "0VRj0yCOv2FXJNP47XQnx5",
          "name": "Quavo",
          "type": "artist",
          "uri": "spotify:artist:0VRj0yCOv2FXJNP47XQnx5"
        },
        {
          "external_urls": {
            "spotify": "https://open.spotify.com/artist/6LXRvV2OAtXF7685fzh3mj"
          },
          "href": "https://api.spotify.com/v1/artists/6LXRvV2OAtXF7685fzh3mj",
          "id": "6LXRvV2OAtXF7685fzh3mj",
          "name": "Rowdy Rebel",
          "type": "artist",
          "uri": "spotify:artist:6LXRvV2OAtXF7685fzh3mj"
        }
      ],
      "available_markets": [
        "AD",
        "AE",
        "AG",
        "AL",
        "AM",
        "AO",
        "AR",
        "AT",
        "AU",
        "AZ",
        "BA",
        "BB",
        "BD",
        "BE",
        "BF",
        "BG",
        "BH",
        "BI",
        "BJ",
        "BN",
        "BO",
        "BR",
        "BS",
        "BT",
        "BW",
        "BY",
        "BZ",
        "CA",
        "CD",
        "CG",
        "CH",
        "CI",
        "CL",
        "CM",
        "CO",
        "CR",
        "CV",
        "CW",
        "CY",
        "CZ",
        "DE",
        "DJ",
        "DK",
        "DM",
        "DO",
        "DZ",
        "EC",
        "EE",
        "EG",
        "ES",
        "FI",
        "FJ",
        "FM",
        "FR",
        "GA",
        "GB",
        "GD",
        "GE",
        "GH",
        "GM",
        "GN",
        "GQ",
        "GR",
        "GT",
        "GW",
        "GY",
        "HK",
        "HN",
        "HR",
        "HT",
        "HU",
        "ID",
        "IE",
        "IL",
        "IN",
        "IQ",
        "IS",
        "IT",
        "JM",
        "JO",
        "JP",
        "KE",
        "KG",
        "KH",
        "KI",
        "KM",
        "KN",
        "KR",
        "KW",
        "KZ",
        "LA",
        "LB",
        "LC",
        "LI",
        "LK",
        "LR",
        "LS",
        "LT",
        "LU",
        "LV",
        "LY",
        "MA",
        "MC",
        "MD",
        "ME",
        "MG",
        "MH",
        "MK",
        "ML",
        "MN",
        "MO",
        "MR",
        "MT",
        "MU",
        "MV",
        "MW",
        "MX",
        "MY",
        "MZ",
        "NA",
        "NE",
        "NG",
        "NI",
        "NL",
        "NO",
        "NP",
        "NR",
        "NZ",
        "OM",
        "PA",
        "PE",
        "PG",
        "PH",
        "PK",
        "PL",
        "PS",
        "PT",
        "PW",
        "PY",
        "QA",
        "RO",
        "RS",
        "RU",
        "RW",
        "SA",
        "SB",
        "SC",
        "SE",
        "SG",
        "SI",
        "SK",
        "SL",
        "SM",
        "SN",
        "SR",
        "ST",
        "SV",
        "SZ",
        "TD",
        "TG",
        "TH",
        "TJ",
        "TL",
        "TN",
        "TO",
        "TR",
        "TT",
        "TV",
        "TW",
        "TZ",
        "UA",
        "UG",
        "US",
        "UY",
        "UZ",
        "VC",
        "VE",
        "VN",
        "VU",
        "WS",
        "XK",
        "ZA",
        "ZM",
        "ZW"
      ],
      "external_urls": {
        "spotify": "https://open.spotify.com/album/5npQCHNuLe3ydFr1bx4sib"
      },
      "href": "https://api.spotify.com/v1/albums/5npQCHNuLe3ydFr1bx4sib",
      "id": "5npQCHNuLe3ydFr1bx4sib",
      "images": [
        {
          "height": 640,
          "url": "https://i.scdn.co/image/ab67616d0000b2730b560238ed2f7c82b4e12ce4",
          "width": 640
        },
        {
          "height": 300,
          "url": "https://i.scdn.co/image/ab67616d00001e020b560238ed2f7c82b4e12ce4",
          "width": 300
        },
        {
          "height": 64,
          "url": "https://i.scdn.co/image/ab67616d000048510b560238ed2f7c82b4e12ce4",
          "width": 64
        }
      ],
      "name": "Shmoney (feat. Quavo & Rowdy Rebel)",
      "release_date": "2021-12-17",
      "release_date_precision": "day",
      "total_tracks": 1,
      "type": "album",
      "uri": "spotify:album:5npQCHNuLe3ydFr1bx4sib"
    }
  ]
  